Rank,Student,Probability
1,20,0.121181
2,15,0.113250
3,14,0.102994
4,17,0.072108
5,4,0.071542
6,11,0.067235
7,2,0.062774
8,10,0.056487
9,18,0.036483
10,0,0.036172
11,6,0.035856
12,12,0.033144
13,3,0.030701
14,13,0.030000
15,16,0.026987
16,5,0.026885
17,9,0.021764
18,8,0.020680
19,7,0.012604
20,1,0.011413
21,19,0.009741
