Rank,Student,Probability
1,20,0.134653
2,15,0.126169
3,14,0.117249
4,11,0.066774
5,17,0.066762
6,4,0.064405
7,2,0.056416
8,10,0.055204
9,0,0.035482
10,18,0.034325
11,6,0.033919
12,12,0.031357
13,3,0.027431
14,13,0.026825
15,16,0.025376
16,5,0.024158
17,9,0.020760
18,8,0.019780
19,7,0.012207
20,1,0.011185
21,19,0.009560
